{"cameraMode":{"drawMode":0,"name":"Shaded","section":"Shading Mode"},"sceneLighting":false,"audioPlay":false,"sceneViewState":{"showFog":true,"showMaterialUpdate":false,"showSkybox":false,"showFlares":true,"showImageEffects":true,"showParticleSystems":true},"in2DMode":false,"pivot":{"x":-0.0009323954582214356,"y":0.03454108536243439,"z":-0.005159385502338409},"rotation":{"x":-0.17937813699245454,"y":0.7661795020103455,"z":-0.23965919017791749,"w":-0.569275438785553},"size":0.23939558863639832,"orthographic":false}