{"cameraMode":{"drawMode":0,"name":"Shaded","section":"Shading Mode"},"sceneLighting":false,"audioPlay":false,"sceneViewState":{"showFog":true,"showMaterialUpdate":false,"showSkybox":false,"showFlares":true,"showImageEffects":true,"showParticleSystems":true},"in2DMode":false,"pivot":{"x":-0.008155882358551026,"y":0.14081799983978272,"z":-0.027946889400482179},"rotation":{"x":-0.1801120489835739,"y":-0.6035767197608948,"z":0.14282701909542085,"w":-0.7636942267417908},"size":2.7802622318267824,"orthographic":false}