{"cameraMode":{"drawMode":0,"name":"Shaded","section":"Shading Mode"},"sceneLighting":false,"audioPlay":false,"sceneViewState":{"showFog":true,"showMaterialUpdate":false,"showSkybox":false,"showFlares":true,"showImageEffects":true,"showParticleSystems":true},"in2DMode":false,"pivot":{"x":0.6665026545524597,"y":12.177541732788086,"z":-1.2250080108642579},"rotation":{"x":-0.22626227140426637,"y":0.6462880373001099,"z":-0.20678088068962098,"w":-0.6993845105171204},"size":22.0,"orthographic":false}