{"cameraMode":{"drawMode":0,"name":"Shaded","section":"Shading Mode"},"sceneLighting":false,"audioPlay":false,"sceneViewState":{"showFog":true,"showMaterialUpdate":false,"showSkybox":false,"showFlares":true,"showImageEffects":true,"showParticleSystems":true},"in2DMode":false,"pivot":{"x":57.92073440551758,"y":17.924528121948243,"z":23.159934997558595},"rotation":{"x":0.0005108601762913168,"y":-0.73757404088974,"z":-0.00034407677594572306,"w":-0.6756865382194519},"size":40.6602897644043,"orthographic":false}