{"cameraMode":{"drawMode":0,"name":"Shaded","section":"Shading Mode"},"sceneLighting":false,"audioPlay":false,"sceneViewState":{"showFog":true,"showMaterialUpdate":false,"showSkybox":false,"showFlares":true,"showImageEffects":true,"showParticleSystems":true},"in2DMode":false,"pivot":{"x":48.650001525878909,"y":45.619998931884769,"z":24.190000534057618},"rotation":{"x":-0.30502745509147646,"y":-0.5952938199043274,"z":0.2615980803966522,"w":-0.6962146162986755},"size":22.0,"orthographic":false}