{"cameraMode":{"drawMode":0,"name":"Shaded","section":"Shading Mode"},"sceneLighting":false,"audioPlay":false,"sceneViewState":{"showFog":true,"showMaterialUpdate":false,"showSkybox":false,"showFlares":true,"showImageEffects":true,"showParticleSystems":true},"in2DMode":false,"pivot":{"x":-0.0008265376091003418,"y":0.08494284003973007,"z":-0.016195014119148256},"rotation":{"x":-0.22626227140426637,"y":0.6462880373001099,"z":-0.20678088068962098,"w":-0.6993845105171204},"size":0.9955242276191711,"orthographic":false}